Product Name,Price
SAMSUNG 6 kg 5 star Inverter Fully Automatic Front Load with In-built Heater White,"₹21,990"
IFB 6 kg 5 Star Fully Automatic Front Load with In-built Heater White,"₹21,990"
LG 6 kg 5 Star Fully Automatic Front Load with In-built Heater White,"₹24,490"
"SAMSUNG 7 kg 5 Star Wifi AI-Enabled Fully Automatic Front Load Black, Grey","₹32,490"
SAMSUNG 6 kg 5-star Inverter Fully Automatic Front Load with In-built Heater Silver,"₹23,490"
LG 7 kg Fully Automatic Front Load with In-built Heater Silver,"₹29,990"
IFB 6 kg 5 Star Fully Automatic Front Load with In-built Heater Silver,"₹23,790"
SAMSUNG 8 kg 5 Star Fully Automatic Front Load Grey,"₹37,429"
BOSCH 8 kg INVERTER TOUCH CONTROL Fully Automatic Front Load with In-built Heater White,"₹32,990"
MarQ By Flipkart 6 kg Garment Sterilization Fully Automatic Front Load with In-built Heater Silver,"₹16,490"
BOSCH 7 kg INVERTER TOUCH CONTROL Fully Automatic Front Load with In-built Heater White,"₹28,990"
SAMSUNG 8 kg Inverter with Ecobubble Fully Automatic Front Load with In-built Heater White,"₹31,240"
BOSCH 6 kg Fully Automatic Front Load with In-built Heater White,"₹21,990"
BOSCH 6 kg 5 Star INVERTER TOUCH CONTROL Fully Automatic Front Load Silver,"₹24,990"
"IFB 7 kg Fully Automatic Front Load with In-built Heater Black, White","₹29,990"
"SAMSUNG 7 kg AI Control, Wifi Enabled, 5 Star Rating Fully Automatic Front Load Grey","₹36,520"
BOSCH 7 kg INVERTER TOUCH CONTROL Fully Automatic Front Load with In-built Heater White,"₹30,990"
MarQ By Flipkart 7 kg Garment Sterilization Fully Automatic Front Load with In-built Heater Silver,"₹22,490"
"IFB 7 kg 2D Wash, Self Diagnosis Fully Automatic Front Load with In-built Heater Silver","₹29,990"
SAMSUNG 9 kg 5 Star Fully Automatic Front Load Grey,"₹44,000"
LG 8 kg 5 Star Fully Automatic Front Load with In-built Heater Silver,"₹33,990"
BOSCH 6.5 kg 5 Star Inverter Touch Control Fully Automatic Front Load with In-built Heater White,"₹26,990"
"Thomson 10.5 kg 5 Star, Germ Purifier Technology Fully Automatic Front Load with In-built Heater White","₹27,990"
SAMSUNG 6.5 kg 5 star Inverter Fully Automatic Front Load with In-built Heater White,"₹25,990"
